model,triads,mean_lift_raw,mean_lift_cond_tc,mean_decoy_share_treatment
GPT-4.1 Mini,260,-0.0509803921568628,0.004149377593361005,0.05836575875486389
GPT-5-2,262,-0.015999999999999986,0.025000000000000033,0.04669260700389104
